{
    "Loss": 0.08777981251478195,
    "Accuracy": 0.9739000201225281
}