{
    "Loss": 0.08959534019231796,
    "Accuracy": 0.9731000065803528
}