{
    "Loss": 0.10012717545032501,
    "Accuracy": 0.9700999855995178
}